"REG_ID","Regions","IND","Indicator","MEAS","Measure","TIME","Time","Unit Code","Unit","PowerCode Code","PowerCode","Reference Period Code","Reference Period","Value","Flag Codes","Flags"
"AUS","Australia","SUBJ_PERC_CORR","Perception of corrution","VALUE","Value","2010","2010","PC","Percentage","0","Units",,,36,,
"AU1","New South Wales","SUBJ_PERC_CORR","Perception of corrution","VALUE","Value","2010","2010","PC","Percentage","0","Units",,,39.2,,
"AU2","Victoria","SUBJ_PERC_CORR","Perception of corrution","VALUE","Value","2010","2010","PC","Percentage","0","Units",,,30.7,,
"AU3","Queensland","SUBJ_PERC_CORR","Perception of corrution","VALUE","Value","2010","2010","PC","Percentage","0","Units",,,40.2,,
"AU4","South Australia","SUBJ_PERC_CORR","Perception of corrution","VALUE","Value","2010","2010","PC","Percentage","0","Units",,,31.1,,
"AU5","Western Australia","SUBJ_PERC_CORR","Perception of corrution","VALUE","Value","2010","2010","PC","Percentage","0","Units",,,33.4,,
"AU6","Tasmania","SUBJ_PERC_CORR","Perception of corrution","VALUE","Value","2010","2010","PC","Percentage","0","Units",,,29,,
"AU7","Northern Territory (NT)","SUBJ_PERC_CORR","Perception of corrution","VALUE","Value","2010","2010","PC","Percentage","0","Units",,,34.8,,
"AU8","Australian Capital Territory (ACT)","SUBJ_PERC_CORR","Perception of corrution","VALUE","Value","2010","2010","PC","Percentage","0","Units",,,18.9,,
"AUT","Austria","SUBJ_PERC_CORR","Perception of corrution","VALUE","Value","2010","2010","PC","Percentage","0","Units",,,51.7,,
"AT11","Burgenland (AT)","SUBJ_PERC_CORR","Perception of corrution","VALUE","Value","2010","2010","PC","Percentage","0","Units",,,53.1,,
"AT12","Lower Austria","SUBJ_PERC_CORR","Perception of corrution","VALUE","Value","2010","2010","PC","Percentage","0","Units",,,52,,
"AT13","Vienna","SUBJ_PERC_CORR","Perception of corrution","VALUE","Value","2010","2010","PC","Percentage","0","Units",,,51.8,,
"AT21","Carinthia","SUBJ_PERC_CORR","Perception of corrution","VALUE","Value","2010","2010","PC","Percentage","0","Units",,,58.8,,
"AT22","Styria","SUBJ_PERC_CORR","Perception of corrution","VALUE","Value","2010","2010","PC","Percentage","0","Units",,,53.9,,
"AT31","Upper Austria","SUBJ_PERC_CORR","Perception of corrution","VALUE","Value","2010","2010","PC","Percentage","0","Units",,,54.9,,
"AT32","Salzburg","SUBJ_PERC_CORR","Perception of corrution","VALUE","Value","2010","2010","PC","Percentage","0","Units",,,55.8,,
"AT33","Tyrol","SUBJ_PERC_CORR","Perception of corrution","VALUE","Value","2010","2010","PC","Percentage","0","Units",,,53.8,,
"AT34","Vorarlberg","SUBJ_PERC_CORR","Perception of corrution","VALUE","Value","2010","2010","PC","Percentage","0","Units",,,52.9,,
"BEL","Belgium","SUBJ_PERC_CORR","Perception of corrution","VALUE","Value","2010","2010","PC","Percentage","0","Units",,,52.6,,
"BE1","Brussels Capital Region","SUBJ_PERC_CORR","Perception of corrution","VALUE","Value","2010","2010","PC","Percentage","0","Units",,,48.5,,
"BE2","Flemish Region","SUBJ_PERC_CORR","Perception of corrution","VALUE","Value","2010","2010","PC","Percentage","0","Units",,,53.4,,
"BE3","Wallonia","SUBJ_PERC_CORR","Perception of corrution","VALUE","Value","2010","2010","PC","Percentage","0","Units",,,53.8,,
"CAN","Canada","SUBJ_PERC_CORR","Perception of corrution","VALUE","Value","2010","2010","PC","Percentage","0","Units",,,45.3,,
"CA10","Newfoundland and Labrador","SUBJ_PERC_CORR","Perception of corrution","VALUE","Value","2010","2010","PC","Percentage","0","Units",,,47.8,,
"CA11","Prince Edward Island","SUBJ_PERC_CORR","Perception of corrution","VALUE","Value","2010","2010","PC","Percentage","0","Units",,,31.7,,
"CA12","Nova Scotia","SUBJ_PERC_CORR","Perception of corrution","VALUE","Value","2010","2010","PC","Percentage","0","Units",,,43.4,,
"CA13","New Brunswick","SUBJ_PERC_CORR","Perception of corrution","VALUE","Value","2010","2010","PC","Percentage","0","Units",,,43.8,,
"CA24","Quebec","SUBJ_PERC_CORR","Perception of corrution","VALUE","Value","2010","2010","PC","Percentage","0","Units",,,65.4,,
"CA35","Ontario","SUBJ_PERC_CORR","Perception of corrution","VALUE","Value","2010","2010","PC","Percentage","0","Units",,,37,,
"CA46","Manitoba","SUBJ_PERC_CORR","Perception of corrution","VALUE","Value","2010","2010","PC","Percentage","0","Units",,,36.9,,
"CA47","Saskatchewan","SUBJ_PERC_CORR","Perception of corrution","VALUE","Value","2010","2010","PC","Percentage","0","Units",,,40.5,,
"CA48","Alberta","SUBJ_PERC_CORR","Perception of corrution","VALUE","Value","2010","2010","PC","Percentage","0","Units",,,34.5,,
"CA59","British Columbia","SUBJ_PERC_CORR","Perception of corrution","VALUE","Value","2010","2010","PC","Percentage","0","Units",,,32.4,,
"CHL","Chile","SUBJ_PERC_CORR","Perception of corrution","VALUE","Value","2010","2010","PC","Percentage","0","Units",,,62.5,,
"CL01","Tarapacá","SUBJ_PERC_CORR","Perception of corrution","VALUE","Value","2010","2010","PC","Percentage","0","Units",,,73.6,,
"CL02","Antofagasta","SUBJ_PERC_CORR","Perception of corrution","VALUE","Value","2010","2010","PC","Percentage","0","Units",,,68.2,,
"CL03","Atacama","SUBJ_PERC_CORR","Perception of corrution","VALUE","Value","2010","2010","PC","Percentage","0","Units",,,61.1,,
"CL04","Coquimbo","SUBJ_PERC_CORR","Perception of corrution","VALUE","Value","2010","2010","PC","Percentage","0","Units",,,65.7,,
"CL05","Valparaíso","SUBJ_PERC_CORR","Perception of corrution","VALUE","Value","2010","2010","PC","Percentage","0","Units",,,60,,
"CL06","O'Higgins","SUBJ_PERC_CORR","Perception of corrution","VALUE","Value","2010","2010","PC","Percentage","0","Units",,,77.8,,
"CL07","Maule","SUBJ_PERC_CORR","Perception of corrution","VALUE","Value","2010","2010","PC","Percentage","0","Units",,,83.2,,
"CL08","Bío-Bío","SUBJ_PERC_CORR","Perception of corrution","VALUE","Value","2010","2010","PC","Percentage","0","Units",,,63.8,,
"CL09","Araucanía","SUBJ_PERC_CORR","Perception of corrution","VALUE","Value","2010","2010","PC","Percentage","0","Units",,,58.8,,
"CL10","Los Lagos","SUBJ_PERC_CORR","Perception of corrution","VALUE","Value","2010","2010","PC","Percentage","0","Units",,,56.6,,
"CL11","Aysén","SUBJ_PERC_CORR","Perception of corrution","VALUE","Value","2010","2010","PC","Percentage","0","Units",,,58,,
"CL12","Magallanes y Antártica","SUBJ_PERC_CORR","Perception of corrution","VALUE","Value","2010","2010","PC","Percentage","0","Units",,,41.6,,
"CL13","Santiago Metropolitan","SUBJ_PERC_CORR","Perception of corrution","VALUE","Value","2010","2010","PC","Percentage","0","Units",,,62.6,,
"CL14","Los Rios","SUBJ_PERC_CORR","Perception of corrution","VALUE","Value","2010","2010","PC","Percentage","0","Units",,,77.1,,
"CL15","Arica Y Parinacota","SUBJ_PERC_CORR","Perception of corrution","VALUE","Value","2010","2010","PC","Percentage","0","Units",,,38.1,,
"CZE","Czech Republic","SUBJ_PERC_CORR","Perception of corrution","VALUE","Value","2010","2010","PC","Percentage","0","Units",,,83,,
"CZ01","Prague","SUBJ_PERC_CORR","Perception of corrution","VALUE","Value","2010","2010","PC","Percentage","0","Units",,,82,,
"CZ02","Central Bohemian Region","SUBJ_PERC_CORR","Perception of corrution","VALUE","Value","2010","2010","PC","Percentage","0","Units",,,78.8,,
"CZ03","Southwest","SUBJ_PERC_CORR","Perception of corrution","VALUE","Value","2010","2010","PC","Percentage","0","Units",,,84.4,,
"CZ04","Northwest","SUBJ_PERC_CORR","Perception of corrution","VALUE","Value","2010","2010","PC","Percentage","0","Units",,,89.2,,
"CZ05","Northeast","SUBJ_PERC_CORR","Perception of corrution","VALUE","Value","2010","2010","PC","Percentage","0","Units",,,88.9,,
"CZ06","Southeast","SUBJ_PERC_CORR","Perception of corrution","VALUE","Value","2010","2010","PC","Percentage","0","Units",,,87.7,,
"CZ07","Central Moravia","SUBJ_PERC_CORR","Perception of corrution","VALUE","Value","2010","2010","PC","Percentage","0","Units",,,85.2,,
"CZ08","Moravia-Silesia","SUBJ_PERC_CORR","Perception of corrution","VALUE","Value","2010","2010","PC","Percentage","0","Units",,,86.5,,
"DNK","Denmark","SUBJ_PERC_CORR","Perception of corrution","VALUE","Value","2010","2010","PC","Percentage","0","Units",,,15.9,,
"DK01","Capital (DK)","SUBJ_PERC_CORR","Perception of corrution","VALUE","Value","2010","2010","PC","Percentage","0","Units",,,13.4,,
"DK02","Zealand","SUBJ_PERC_CORR","Perception of corrution","VALUE","Value","2010","2010","PC","Percentage","0","Units",,,20.1,,
"DK03","Southern Denmark","SUBJ_PERC_CORR","Perception of corrution","VALUE","Value","2010","2010","PC","Percentage","0","Units",,,16.5,,
"DK04","Central Jutland","SUBJ_PERC_CORR","Perception of corrution","VALUE","Value","2010","2010","PC","Percentage","0","Units",,,14,,
"DK05","Northern Jutland","SUBJ_PERC_CORR","Perception of corrution","VALUE","Value","2010","2010","PC","Percentage","0","Units",,,18.8,,
"EST","Estonia","SUBJ_PERC_CORR","Perception of corrution","VALUE","Value","2010","2010","PC","Percentage","0","Units",,,54.3,,
"EE00","Estonia","SUBJ_PERC_CORR","Perception of corrution","VALUE","Value","2010","2010","PC","Percentage","0","Units",,,56.3,,
"FIN","Finland","SUBJ_PERC_CORR","Perception of corrution","VALUE","Value","2010","2010","PC","Percentage","0","Units",,,23.9,,
"FI19","Western Finland","SUBJ_PERC_CORR","Perception of corrution","VALUE","Value","2010","2010","PC","Percentage","0","Units",,,28,,
"FI1C","Southern Finland","SUBJ_PERC_CORR","Perception of corrution","VALUE","Value","2010","2010","PC","Percentage","0","Units",,,25.7,,
"FI1D","Eastern and Northern Finland","SUBJ_PERC_CORR","Perception of corrution","VALUE","Value","2010","2010","PC","Percentage","0","Units",,,26.8,,
"FRA","France","SUBJ_PERC_CORR","Perception of corrution","VALUE","Value","2010","2010","PC","Percentage","0","Units",,,59.8,,
"FR10","Ile de France","SUBJ_PERC_CORR","Perception of corrution","VALUE","Value","2010","2010","PC","Percentage","0","Units",,,54.5,,
"FR21","Champagne-Ardenne","SUBJ_PERC_CORR","Perception of corrution","VALUE","Value","2010","2010","PC","Percentage","0","Units",,,62.4,,
"FR22","Picardy","SUBJ_PERC_CORR","Perception of corrution","VALUE","Value","2010","2010","PC","Percentage","0","Units",,,59.7,,
"FR23","Upper Normandy","SUBJ_PERC_CORR","Perception of corrution","VALUE","Value","2010","2010","PC","Percentage","0","Units",,,66.9,,
"FR24","Centre (FR)","SUBJ_PERC_CORR","Perception of corrution","VALUE","Value","2010","2010","PC","Percentage","0","Units",,,61.6,,
"FR25","Lower Normandy ","SUBJ_PERC_CORR","Perception of corrution","VALUE","Value","2010","2010","PC","Percentage","0","Units",,,55.4,,
"FR26","Burgundy","SUBJ_PERC_CORR","Perception of corrution","VALUE","Value","2010","2010","PC","Percentage","0","Units",,,62.7,,
"FR30","Nord-Pas-de-Calais","SUBJ_PERC_CORR","Perception of corrution","VALUE","Value","2010","2010","PC","Percentage","0","Units",,,55.9,,
"FR41","Lorraine","SUBJ_PERC_CORR","Perception of corrution","VALUE","Value","2010","2010","PC","Percentage","0","Units",,,64.6,,
"FR42","Alsace ","SUBJ_PERC_CORR","Perception of corrution","VALUE","Value","2010","2010","PC","Percentage","0","Units",,,58.7,,
"FR43","Franche-Comté","SUBJ_PERC_CORR","Perception of corrution","VALUE","Value","2010","2010","PC","Percentage","0","Units",,,59.3,,
"FR51","Pays de la Loire","SUBJ_PERC_CORR","Perception of corrution","VALUE","Value","2010","2010","PC","Percentage","0","Units",,,56.4,,
"FR52","Brittany","SUBJ_PERC_CORR","Perception of corrution","VALUE","Value","2010","2010","PC","Percentage","0","Units",,,58.1,,
"FR53","Poitou-Charentes","SUBJ_PERC_CORR","Perception of corrution","VALUE","Value","2010","2010","PC","Percentage","0","Units",,,56,,
"FR61","Aquitaine","SUBJ_PERC_CORR","Perception of corrution","VALUE","Value","2010","2010","PC","Percentage","0","Units",,,53.4,,
"FR62","Midi-Pyrénées","SUBJ_PERC_CORR","Perception of corrution","VALUE","Value","2010","2010","PC","Percentage","0","Units",,,57,,
"FR63","Limousin","SUBJ_PERC_CORR","Perception of corrution","VALUE","Value","2010","2010","PC","Percentage","0","Units",,,71.7,,
"FR71","Rhône-Alpes","SUBJ_PERC_CORR","Perception of corrution","VALUE","Value","2010","2010","PC","Percentage","0","Units",,,56.4,,
"FR72","Auvergne","SUBJ_PERC_CORR","Perception of corrution","VALUE","Value","2010","2010","PC","Percentage","0","Units",,,62.3,,
"FR81","Languedoc-Roussillon ","SUBJ_PERC_CORR","Perception of corrution","VALUE","Value","2010","2010","PC","Percentage","0","Units",,,69.3,,
"FR82","Provence-Alpes-Côte d'Azur","SUBJ_PERC_CORR","Perception of corrution","VALUE","Value","2010","2010","PC","Percentage","0","Units",,,56.1,,
"FR83","Corsica","SUBJ_PERC_CORR","Perception of corrution","VALUE","Value","2010","2010","PC","Percentage","0","Units",,,60,,
"DEU","Germany","SUBJ_PERC_CORR","Perception of corrution","VALUE","Value","2010","2010","PC","Percentage","0","Units",,,55.6,,
"DE1","Baden-Württemberg ","SUBJ_PERC_CORR","Perception of corrution","VALUE","Value","2010","2010","PC","Percentage","0","Units",,,51.5,,
"DE2","Bavaria","SUBJ_PERC_CORR","Perception of corrution","VALUE","Value","2010","2010","PC","Percentage","0","Units",,,57,,
"DE3","Berlin","SUBJ_PERC_CORR","Perception of corrution","VALUE","Value","2010","2010","PC","Percentage","0","Units",,,52.7,,
"DE4","Brandenburg","SUBJ_PERC_CORR","Perception of corrution","VALUE","Value","2010","2010","PC","Percentage","0","Units",,,52.5,,
"DE5","Bremen ","SUBJ_PERC_CORR","Perception of corrution","VALUE","Value","2010","2010","PC","Percentage","0","Units",,,46.7,,
"DE6","Hamburg","SUBJ_PERC_CORR","Perception of corrution","VALUE","Value","2010","2010","PC","Percentage","0","Units",,,44.1,,
"DE7","Hesse","SUBJ_PERC_CORR","Perception of corrution","VALUE","Value","2010","2010","PC","Percentage","0","Units",,,48.8,,
"DE8","Mecklenburg-Vorpommern","SUBJ_PERC_CORR","Perception of corrution","VALUE","Value","2010","2010","PC","Percentage","0","Units",,,54.7,,
"DE9","Lower Saxony ","SUBJ_PERC_CORR","Perception of corrution","VALUE","Value","2010","2010","PC","Percentage","0","Units",,,51.6,,
"DEA","North Rhine-Westphalia","SUBJ_PERC_CORR","Perception of corrution","VALUE","Value","2010","2010","PC","Percentage","0","Units",,,53.1,,
"DEB","Rhineland-Palatinate","SUBJ_PERC_CORR","Perception of corrution","VALUE","Value","2010","2010","PC","Percentage","0","Units",,,55.1,,
"DEC","Saarland","SUBJ_PERC_CORR","Perception of corrution","VALUE","Value","2010","2010","PC","Percentage","0","Units",,,62.2,,
"DED","Saxony","SUBJ_PERC_CORR","Perception of corrution","VALUE","Value","2010","2010","PC","Percentage","0","Units",,,55.3,,
"DEE","Saxony-Anhalt","SUBJ_PERC_CORR","Perception of corrution","VALUE","Value","2010","2010","PC","Percentage","0","Units",,,54.9,,
"DEF","Schleswig-Holstein","SUBJ_PERC_CORR","Perception of corrution","VALUE","Value","2010","2010","PC","Percentage","0","Units",,,56.6,,
"DEG","Thuringia","SUBJ_PERC_CORR","Perception of corrution","VALUE","Value","2010","2010","PC","Percentage","0","Units",,,57.3,,
"GRC","Greece","SUBJ_PERC_CORR","Perception of corrution","VALUE","Value","2010","2010","PC","Percentage","0","Units",,,87.5,,
"HUN","Hungary","SUBJ_PERC_CORR","Perception of corrution","VALUE","Value","2010","2010","PC","Percentage","0","Units",,,78.6,,
"HU10","Central Hungary","SUBJ_PERC_CORR","Perception of corrution","VALUE","Value","2010","2010","PC","Percentage","0","Units",,,76.9,,
"HU21","Central Transdanubia","SUBJ_PERC_CORR","Perception of corrution","VALUE","Value","2010","2010","PC","Percentage","0","Units",,,84,,
"HU22","Western Transdanubia","SUBJ_PERC_CORR","Perception of corrution","VALUE","Value","2010","2010","PC","Percentage","0","Units",,,83.7,,
"HU23","Southern Transdanubia","SUBJ_PERC_CORR","Perception of corrution","VALUE","Value","2010","2010","PC","Percentage","0","Units",,,80.8,,
"HU31","Northern Hungary","SUBJ_PERC_CORR","Perception of corrution","VALUE","Value","2010","2010","PC","Percentage","0","Units",,,80.8,,
"HU32","Northern Great Plain","SUBJ_PERC_CORR","Perception of corrution","VALUE","Value","2010","2010","PC","Percentage","0","Units",,,78.8,,
"HU33","Southern Great Plain","SUBJ_PERC_CORR","Perception of corrution","VALUE","Value","2010","2010","PC","Percentage","0","Units",,,77.9,,
"ISL","Iceland","SUBJ_PERC_CORR","Perception of corrution","VALUE","Value","2010","2010","PC","Percentage","0","Units",,,62.9,,
"IS01","Capital Region","SUBJ_PERC_CORR","Perception of corrution","VALUE","Value","2010","2010","PC","Percentage","0","Units",,,59.7,,
"IS02","Other Regions","SUBJ_PERC_CORR","Perception of corrution","VALUE","Value","2010","2010","PC","Percentage","0","Units",,,57.2,,
"IRL","Ireland","SUBJ_PERC_CORR","Perception of corrution","VALUE","Value","2010","2010","PC","Percentage","0","Units",,,53.6,,
"IE01","Border, Midland and Western","SUBJ_PERC_CORR","Perception of corrution","VALUE","Value","2010","2010","PC","Percentage","0","Units",,,58.6,,
"IE02","Southern and Eastern","SUBJ_PERC_CORR","Perception of corrution","VALUE","Value","2010","2010","PC","Percentage","0","Units",,,54.3,,
"ISR","Israel","SUBJ_PERC_CORR","Perception of corrution","VALUE","Value","2010","2010","PC","Percentage","0","Units",,,81.9,,
"IL01","Jerusalem District","SUBJ_PERC_CORR","Perception of corrution","VALUE","Value","2010","2010","PC","Percentage","0","Units",,,78,,
"IL02","Northern District","SUBJ_PERC_CORR","Perception of corrution","VALUE","Value","2010","2010","PC","Percentage","0","Units",,,78.2,,
"IL03","Haifa District","SUBJ_PERC_CORR","Perception of corrution","VALUE","Value","2010","2010","PC","Percentage","0","Units",,,80.3,,
"IL04","Central District","SUBJ_PERC_CORR","Perception of corrution","VALUE","Value","2010","2010","PC","Percentage","0","Units",,,81.9,,
"IL05","Tel Aviv District","SUBJ_PERC_CORR","Perception of corrution","VALUE","Value","2010","2010","PC","Percentage","0","Units",,,87.1,,
"IL06","Southern District","SUBJ_PERC_CORR","Perception of corrution","VALUE","Value","2010","2010","PC","Percentage","0","Units",,,84.9,,
"ITA","Italy","SUBJ_PERC_CORR","Perception of corrution","VALUE","Value","2010","2010","PC","Percentage","0","Units",,,82.8,,
"ITC1","Piedmont","SUBJ_PERC_CORR","Perception of corrution","VALUE","Value","2010","2010","PC","Percentage","0","Units",,,86,,
"ITC2","Aosta Valley","SUBJ_PERC_CORR","Perception of corrution","VALUE","Value","2010","2010","PC","Percentage","0","Units",,,75,,
"ITC3","Liguria","SUBJ_PERC_CORR","Perception of corrution","VALUE","Value","2010","2010","PC","Percentage","0","Units",,,83.2,,
"ITC4","Lombardy","SUBJ_PERC_CORR","Perception of corrution","VALUE","Value","2010","2010","PC","Percentage","0","Units",,,85.6,,
"ITF1","Abruzzo","SUBJ_PERC_CORR","Perception of corrution","VALUE","Value","2010","2010","PC","Percentage","0","Units",,,93.3,,
"ITF2","Molise","SUBJ_PERC_CORR","Perception of corrution","VALUE","Value","2010","2010","PC","Percentage","0","Units",,,75.6,,
"ITF3","Campania","SUBJ_PERC_CORR","Perception of corrution","VALUE","Value","2010","2010","PC","Percentage","0","Units",,,83.8,,
"ITF4","Apulia","SUBJ_PERC_CORR","Perception of corrution","VALUE","Value","2010","2010","PC","Percentage","0","Units",,,88.1,,
"ITF5","Basilicata ","SUBJ_PERC_CORR","Perception of corrution","VALUE","Value","2010","2010","PC","Percentage","0","Units",,,85.9,,
"ITF6","Calabria","SUBJ_PERC_CORR","Perception of corrution","VALUE","Value","2010","2010","PC","Percentage","0","Units",,,85.6,,
"ITG1","Sicily","SUBJ_PERC_CORR","Perception of corrution","VALUE","Value","2010","2010","PC","Percentage","0","Units",,,87.1,,
"ITG2","Sardinia","SUBJ_PERC_CORR","Perception of corrution","VALUE","Value","2010","2010","PC","Percentage","0","Units",,,85.8,,
"ITH1","Province of Bolzano-Bozen","SUBJ_PERC_CORR","Perception of corrution","VALUE","Value","2010","2010","PC","Percentage","0","Units",,,89.7,,
"ITH2","Province of Trento","SUBJ_PERC_CORR","Perception of corrution","VALUE","Value","2010","2010","PC","Percentage","0","Units",,,89.7,,
"ITH3","Veneto","SUBJ_PERC_CORR","Perception of corrution","VALUE","Value","2010","2010","PC","Percentage","0","Units",,,80,,
"ITH4","Friuli-Venezia Giulia","SUBJ_PERC_CORR","Perception of corrution","VALUE","Value","2010","2010","PC","Percentage","0","Units",,,91.1,,
"ITH5","Emilia–Romagna","SUBJ_PERC_CORR","Perception of corrution","VALUE","Value","2010","2010","PC","Percentage","0","Units",,,86.9,,
"ITI1","Tuscany","SUBJ_PERC_CORR","Perception of corrution","VALUE","Value","2010","2010","PC","Percentage","0","Units",,,86.3,,
"ITI2","Umbria","SUBJ_PERC_CORR","Perception of corrution","VALUE","Value","2010","2010","PC","Percentage","0","Units",,,80,,
"ITI3","Marche","SUBJ_PERC_CORR","Perception of corrution","VALUE","Value","2010","2010","PC","Percentage","0","Units",,,86.7,,
"ITI4","Lazio","SUBJ_PERC_CORR","Perception of corrution","VALUE","Value","2010","2010","PC","Percentage","0","Units",,,88.2,,
"JPN","Japan","SUBJ_PERC_CORR","Perception of corrution","VALUE","Value","2010","2010","PC","Percentage","0","Units",,,69.1,,
"JPA","Hokkaido","SUBJ_PERC_CORR","Perception of corrution","VALUE","Value","2010","2010","PC","Percentage","0","Units",,,73.9,,
"JPB","Tohoku","SUBJ_PERC_CORR","Perception of corrution","VALUE","Value","2010","2010","PC","Percentage","0","Units",,,71.4,,
"JPC","Northern-Kanto, Koshin","SUBJ_PERC_CORR","Perception of corrution","VALUE","Value","2010","2010","PC","Percentage","0","Units",,,65.2,,
"JPD","Southern-Kanto","SUBJ_PERC_CORR","Perception of corrution","VALUE","Value","2010","2010","PC","Percentage","0","Units",,,69.3,,
"JPE","Hokuriku","SUBJ_PERC_CORR","Perception of corrution","VALUE","Value","2010","2010","PC","Percentage","0","Units",,,69.1,,
"JPF","Toukai","SUBJ_PERC_CORR","Perception of corrution","VALUE","Value","2010","2010","PC","Percentage","0","Units",,,71,,
"JPG","Kansai region","SUBJ_PERC_CORR","Perception of corrution","VALUE","Value","2010","2010","PC","Percentage","0","Units",,,71,,
"JPH","Chugoku","SUBJ_PERC_CORR","Perception of corrution","VALUE","Value","2010","2010","PC","Percentage","0","Units",,,67.2,,
"JPI","Shikoku","SUBJ_PERC_CORR","Perception of corrution","VALUE","Value","2010","2010","PC","Percentage","0","Units",,,79.9,,
"JPJ","Kyushu, Okinawa","SUBJ_PERC_CORR","Perception of corrution","VALUE","Value","2010","2010","PC","Percentage","0","Units",,,69.1,,
"KOR","Korea","SUBJ_PERC_CORR","Perception of corrution","VALUE","Value","2010","2010","PC","Percentage","0","Units",,,74.2,,
"KR01","Capital Region (KR)","SUBJ_PERC_CORR","Perception of corrution","VALUE","Value","2010","2010","PC","Percentage","0","Units",,,76.5,,
"KR02","Gyeongnam Region","SUBJ_PERC_CORR","Perception of corrution","VALUE","Value","2010","2010","PC","Percentage","0","Units",,,73.9,,
"KR03","Gyeonbuk Region","SUBJ_PERC_CORR","Perception of corrution","VALUE","Value","2010","2010","PC","Percentage","0","Units",,,74.7,,
"KR04","Jeolla Region","SUBJ_PERC_CORR","Perception of corrution","VALUE","Value","2010","2010","PC","Percentage","0","Units",,,75.8,,
"KR05","Chungcheong Region","SUBJ_PERC_CORR","Perception of corrution","VALUE","Value","2010","2010","PC","Percentage","0","Units",,,71,,
"KR06","Gangwon Region","SUBJ_PERC_CORR","Perception of corrution","VALUE","Value","2010","2010","PC","Percentage","0","Units",,,67.6,,
"KR07","Jeju","SUBJ_PERC_CORR","Perception of corrution","VALUE","Value","2010","2010","PC","Percentage","0","Units",,,74.7,,
"LUX","Luxembourg","SUBJ_PERC_CORR","Perception of corrution","VALUE","Value","2010","2010","PC","Percentage","0","Units",,,26.5,,
"LU00","Luxembourg","SUBJ_PERC_CORR","Perception of corrution","VALUE","Value","2010","2010","PC","Percentage","0","Units",,,26.3,,
"MEX","Mexico","SUBJ_PERC_CORR","Perception of corrution","VALUE","Value","2010","2010","PC","Percentage","0","Units",,,68.3,,
"ME01","Aguascalientes","SUBJ_PERC_CORR","Perception of corrution","VALUE","Value","2010","2010","PC","Percentage","0","Units",,,49.9,,
"ME02","Baja California Norte","SUBJ_PERC_CORR","Perception of corrution","VALUE","Value","2010","2010","PC","Percentage","0","Units",,,73.4,,
"ME03","Baja California Sur","SUBJ_PERC_CORR","Perception of corrution","VALUE","Value","2010","2010","PC","Percentage","0","Units",,,64,,
"ME04","Campeche","SUBJ_PERC_CORR","Perception of corrution","VALUE","Value","2010","2010","PC","Percentage","0","Units",,,50.7,,
"ME05","Coahuila","SUBJ_PERC_CORR","Perception of corrution","VALUE","Value","2010","2010","PC","Percentage","0","Units",,,63.6,,
"ME06","Colima","SUBJ_PERC_CORR","Perception of corrution","VALUE","Value","2010","2010","PC","Percentage","0","Units",,,80.8,,
"ME07","Chiapas","SUBJ_PERC_CORR","Perception of corrution","VALUE","Value","2010","2010","PC","Percentage","0","Units",,,50.7,,
"ME08","Chihuahua","SUBJ_PERC_CORR","Perception of corrution","VALUE","Value","2010","2010","PC","Percentage","0","Units",,,72.7,,
"ME09","Federal District (MX)","SUBJ_PERC_CORR","Perception of corrution","VALUE","Value","2010","2010","PC","Percentage","0","Units",,,79.7,,
"ME10","Durango","SUBJ_PERC_CORR","Perception of corrution","VALUE","Value","2010","2010","PC","Percentage","0","Units",,,57.7,,
"ME11","Guanajuato","SUBJ_PERC_CORR","Perception of corrution","VALUE","Value","2010","2010","PC","Percentage","0","Units",,,53.8,,
"ME12","Guerrero","SUBJ_PERC_CORR","Perception of corrution","VALUE","Value","2010","2010","PC","Percentage","0","Units",,,43.3,,
"ME13","Hidalgo","SUBJ_PERC_CORR","Perception of corrution","VALUE","Value","2010","2010","PC","Percentage","0","Units",,,62.4,,
"ME14","Jalisco","SUBJ_PERC_CORR","Perception of corrution","VALUE","Value","2010","2010","PC","Percentage","0","Units",,,62.7,,
"ME15","Mexico","SUBJ_PERC_CORR","Perception of corrution","VALUE","Value","2010","2010","PC","Percentage","0","Units",,,72.8,,
"ME16","Michoacan","SUBJ_PERC_CORR","Perception of corrution","VALUE","Value","2010","2010","PC","Percentage","0","Units",,,53.4,,
"ME17","Morelos","SUBJ_PERC_CORR","Perception of corrution","VALUE","Value","2010","2010","PC","Percentage","0","Units",,,55.5,,
"ME18","Nayarit","SUBJ_PERC_CORR","Perception of corrution","VALUE","Value","2010","2010","PC","Percentage","0","Units",,,69.6,,
"ME19","Nuevo Leon","SUBJ_PERC_CORR","Perception of corrution","VALUE","Value","2010","2010","PC","Percentage","0","Units",,,63.6,,
"ME20","Oaxaca","SUBJ_PERC_CORR","Perception of corrution","VALUE","Value","2010","2010","PC","Percentage","0","Units",,,58.6,,
"ME21","Puebla","SUBJ_PERC_CORR","Perception of corrution","VALUE","Value","2010","2010","PC","Percentage","0","Units",,,66.9,,
"ME22","Queretaro","SUBJ_PERC_CORR","Perception of corrution","VALUE","Value","2010","2010","PC","Percentage","0","Units",,,51.4,,
"ME23","Quintana Roo","SUBJ_PERC_CORR","Perception of corrution","VALUE","Value","2010","2010","PC","Percentage","0","Units",,,63.5,,
"ME24","San Luis Potosi","SUBJ_PERC_CORR","Perception of corrution","VALUE","Value","2010","2010","PC","Percentage","0","Units",,,36.5,,
"ME25","Sinaloa","SUBJ_PERC_CORR","Perception of corrution","VALUE","Value","2010","2010","PC","Percentage","0","Units",,,76,,
"ME26","Sonora","SUBJ_PERC_CORR","Perception of corrution","VALUE","Value","2010","2010","PC","Percentage","0","Units",,,65.4,,
"ME27","Tabasco","SUBJ_PERC_CORR","Perception of corrution","VALUE","Value","2010","2010","PC","Percentage","0","Units",,,67.2,,
"ME28","Tamaulipas","SUBJ_PERC_CORR","Perception of corrution","VALUE","Value","2010","2010","PC","Percentage","0","Units",,,64.1,,
"ME29","Tlaxcala","SUBJ_PERC_CORR","Perception of corrution","VALUE","Value","2010","2010","PC","Percentage","0","Units",,,72.3,,
"ME30","Veracruz","SUBJ_PERC_CORR","Perception of corrution","VALUE","Value","2010","2010","PC","Percentage","0","Units",,,68.9,,
"ME31","Yucatan","SUBJ_PERC_CORR","Perception of corrution","VALUE","Value","2010","2010","PC","Percentage","0","Units",,,54.1,,
"ME32","Zacatecas","SUBJ_PERC_CORR","Perception of corrution","VALUE","Value","2010","2010","PC","Percentage","0","Units",,,90.1,,
"NLD","Netherlands","SUBJ_PERC_CORR","Perception of corrution","VALUE","Value","2010","2010","PC","Percentage","0","Units",,,34.3,,
"NZL","New Zealand","SUBJ_PERC_CORR","Perception of corrution","VALUE","Value","2010","2010","PC","Percentage","0","Units",,,25.2,,
"NOR","Norway","SUBJ_PERC_CORR","Perception of corrution","VALUE","Value","2010","2010","PC","Percentage","0","Units",,,27.6,,
"NO01","Oslo and Akershus","SUBJ_PERC_CORR","Perception of corrution","VALUE","Value","2010","2010","PC","Percentage","0","Units",,,30.3,,
"NO02","Hedmark and Oppland","SUBJ_PERC_CORR","Perception of corrution","VALUE","Value","2010","2010","PC","Percentage","0","Units",,,26.4,,
"NO03","South-Eastern Norway","SUBJ_PERC_CORR","Perception of corrution","VALUE","Value","2010","2010","PC","Percentage","0","Units",,,30.9,,
"NO04","Agder and Rogaland","SUBJ_PERC_CORR","Perception of corrution","VALUE","Value","2010","2010","PC","Percentage","0","Units",,,30.8,,
"NO05","Western Norway","SUBJ_PERC_CORR","Perception of corrution","VALUE","Value","2010","2010","PC","Percentage","0","Units",,,28.4,,
"NO06","Trøndelag","SUBJ_PERC_CORR","Perception of corrution","VALUE","Value","2010","2010","PC","Percentage","0","Units",,,28.9,,
"NO07","Northern Norway","SUBJ_PERC_CORR","Perception of corrution","VALUE","Value","2010","2010","PC","Percentage","0","Units",,,24.5,,
"POL","Poland","SUBJ_PERC_CORR","Perception of corrution","VALUE","Value","2010","2010","PC","Percentage","0","Units",,,73.5,,
"PL11","Lodzkie","SUBJ_PERC_CORR","Perception of corrution","VALUE","Value","2010","2010","PC","Percentage","0","Units",,,68.4,,
"PL12","Mazovia","SUBJ_PERC_CORR","Perception of corrution","VALUE","Value","2010","2010","PC","Percentage","0","Units",,,72.4,,
"PL21","Lesser Poland ","SUBJ_PERC_CORR","Perception of corrution","VALUE","Value","2010","2010","PC","Percentage","0","Units",,,69.7,,
"PL22","Silesia","SUBJ_PERC_CORR","Perception of corrution","VALUE","Value","2010","2010","PC","Percentage","0","Units",,,67.8,,
"PL31","Lublin Province ","SUBJ_PERC_CORR","Perception of corrution","VALUE","Value","2010","2010","PC","Percentage","0","Units",,,71.1,,
"PL32","Podkarpacia","SUBJ_PERC_CORR","Perception of corrution","VALUE","Value","2010","2010","PC","Percentage","0","Units",,,72.4,,
"PL33","Swietokrzyskie","SUBJ_PERC_CORR","Perception of corrution","VALUE","Value","2010","2010","PC","Percentage","0","Units",,,70.6,,
"PL34","Podlasie","SUBJ_PERC_CORR","Perception of corrution","VALUE","Value","2010","2010","PC","Percentage","0","Units",,,64.3,,
"PL41","Greater Poland","SUBJ_PERC_CORR","Perception of corrution","VALUE","Value","2010","2010","PC","Percentage","0","Units",,,78.4,,
"PL42","West Pomerania","SUBJ_PERC_CORR","Perception of corrution","VALUE","Value","2010","2010","PC","Percentage","0","Units",,,74.2,,
"PL43","Lubusz","SUBJ_PERC_CORR","Perception of corrution","VALUE","Value","2010","2010","PC","Percentage","0","Units",,,78.5,,
"PL51","Lower Silesia ","SUBJ_PERC_CORR","Perception of corrution","VALUE","Value","2010","2010","PC","Percentage","0","Units",,,71.9,,
"PL52","Opole region","SUBJ_PERC_CORR","Perception of corrution","VALUE","Value","2010","2010","PC","Percentage","0","Units",,,72.2,,
"PL61","Kuyavian-Pomerania","SUBJ_PERC_CORR","Perception of corrution","VALUE","Value","2010","2010","PC","Percentage","0","Units",,,76.6,,
"PL62","Warmian-Masuria","SUBJ_PERC_CORR","Perception of corrution","VALUE","Value","2010","2010","PC","Percentage","0","Units",,,67.1,,
"PL63","Pomerania","SUBJ_PERC_CORR","Perception of corrution","VALUE","Value","2010","2010","PC","Percentage","0","Units",,,69.7,,
"PRT","Portugal","SUBJ_PERC_CORR","Perception of corrution","VALUE","Value","2010","2010","PC","Percentage","0","Units",,,81.3,,
"PT11","North (PT)","SUBJ_PERC_CORR","Perception of corrution","VALUE","Value","2010","2010","PC","Percentage","0","Units",,,84.2,,
"PT15","Algarve","SUBJ_PERC_CORR","Perception of corrution","VALUE","Value","2010","2010","PC","Percentage","0","Units",,,85.5,,
"PT16","Central Portugal","SUBJ_PERC_CORR","Perception of corrution","VALUE","Value","2010","2010","PC","Percentage","0","Units",,,85.1,,
"PT17","Lisbon","SUBJ_PERC_CORR","Perception of corrution","VALUE","Value","2010","2010","PC","Percentage","0","Units",,,84.2,,
"PT18","Alentejo","SUBJ_PERC_CORR","Perception of corrution","VALUE","Value","2010","2010","PC","Percentage","0","Units",,,86,,
"PT20","Azores (PT)","SUBJ_PERC_CORR","Perception of corrution","VALUE","Value","2010","2010","PC","Percentage","0","Units",,,76.6,,
"PT30","Madeira (PT)","SUBJ_PERC_CORR","Perception of corrution","VALUE","Value","2010","2010","PC","Percentage","0","Units",,,72.8,,
"SVK","Slovak Republic","SUBJ_PERC_CORR","Perception of corrution","VALUE","Value","2010","2010","PC","Percentage","0","Units",,,77.8,,
"SK01","Bratislava Region","SUBJ_PERC_CORR","Perception of corrution","VALUE","Value","2010","2010","PC","Percentage","0","Units",,,75,,
"SK02","West Slovakia","SUBJ_PERC_CORR","Perception of corrution","VALUE","Value","2010","2010","PC","Percentage","0","Units",,,80.7,,
"SK03","Central Slovakia","SUBJ_PERC_CORR","Perception of corrution","VALUE","Value","2010","2010","PC","Percentage","0","Units",,,79.8,,
"SK04","East Slovakia","SUBJ_PERC_CORR","Perception of corrution","VALUE","Value","2010","2010","PC","Percentage","0","Units",,,69,,
"SVN","Slovenia","SUBJ_PERC_CORR","Perception of corrution","VALUE","Value","2010","2010","PC","Percentage","0","Units",,,72.1,,
"SI01","Eastern Slovenia","SUBJ_PERC_CORR","Perception of corrution","VALUE","Value","2010","2010","PC","Percentage","0","Units",,,78,,
"SI02","Western Slovenia","SUBJ_PERC_CORR","Perception of corrution","VALUE","Value","2010","2010","PC","Percentage","0","Units",,,77.5,,
"ESP","Spain","SUBJ_PERC_CORR","Perception of corrution","VALUE","Value","2010","2010","PC","Percentage","0","Units",,,71.4,,
"ES11","Galicia","SUBJ_PERC_CORR","Perception of corrution","VALUE","Value","2010","2010","PC","Percentage","0","Units",,,72.8,,
"ES12","Asturias","SUBJ_PERC_CORR","Perception of corrution","VALUE","Value","2010","2010","PC","Percentage","0","Units",,,72.5,,
"ES13","Cantabria","SUBJ_PERC_CORR","Perception of corrution","VALUE","Value","2010","2010","PC","Percentage","0","Units",,,79,,
"ES21","Basque Country","SUBJ_PERC_CORR","Perception of corrution","VALUE","Value","2010","2010","PC","Percentage","0","Units",,,79.9,,
"ES22","Navarra","SUBJ_PERC_CORR","Perception of corrution","VALUE","Value","2010","2010","PC","Percentage","0","Units",,,66.1,,
"ES23","La Rioja","SUBJ_PERC_CORR","Perception of corrution","VALUE","Value","2010","2010","PC","Percentage","0","Units",,,61.8,,
"ES24","Aragon","SUBJ_PERC_CORR","Perception of corrution","VALUE","Value","2010","2010","PC","Percentage","0","Units",,,72.8,,
"ES30","Madrid","SUBJ_PERC_CORR","Perception of corrution","VALUE","Value","2010","2010","PC","Percentage","0","Units",,,77.4,,
"ES41","Castile and León","SUBJ_PERC_CORR","Perception of corrution","VALUE","Value","2010","2010","PC","Percentage","0","Units",,,71.2,,
"ES42","Castile-La Mancha","SUBJ_PERC_CORR","Perception of corrution","VALUE","Value","2010","2010","PC","Percentage","0","Units",,,77.5,,
"ES43","Extremadura","SUBJ_PERC_CORR","Perception of corrution","VALUE","Value","2010","2010","PC","Percentage","0","Units",,,60.7,,
"ES51","Catalonia","SUBJ_PERC_CORR","Perception of corrution","VALUE","Value","2010","2010","PC","Percentage","0","Units",,,75.3,,
"ES52","Valencia","SUBJ_PERC_CORR","Perception of corrution","VALUE","Value","2010","2010","PC","Percentage","0","Units",,,78.3,,
"ES53","Balearic Islands","SUBJ_PERC_CORR","Perception of corrution","VALUE","Value","2010","2010","PC","Percentage","0","Units",,,77.6,,
"ES61","Andalusia","SUBJ_PERC_CORR","Perception of corrution","VALUE","Value","2010","2010","PC","Percentage","0","Units",,,71.1,,
"ES62","Murcia","SUBJ_PERC_CORR","Perception of corrution","VALUE","Value","2010","2010","PC","Percentage","0","Units",,,71.2,,
"ES63","Ceuta ","SUBJ_PERC_CORR","Perception of corrution","VALUE","Value","2010","2010","PC","Percentage","0","Units",,,73.9,,
"ES64","Melilla","SUBJ_PERC_CORR","Perception of corrution","VALUE","Value","2010","2010","PC","Percentage","0","Units",,,74.8,,
"ES70","Canary Islands","SUBJ_PERC_CORR","Perception of corrution","VALUE","Value","2010","2010","PC","Percentage","0","Units",,,79.4,,
"SWE","Sweden","SUBJ_PERC_CORR","Perception of corrution","VALUE","Value","2010","2010","PC","Percentage","0","Units",,,17.7,,
"SE11","Stockholm","SUBJ_PERC_CORR","Perception of corrution","VALUE","Value","2010","2010","PC","Percentage","0","Units",,,13.5,,
"SE12","East Middle Sweden","SUBJ_PERC_CORR","Perception of corrution","VALUE","Value","2010","2010","PC","Percentage","0","Units",,,18.6,,
"SE21","Småland with Islands","SUBJ_PERC_CORR","Perception of corrution","VALUE","Value","2010","2010","PC","Percentage","0","Units",,,16,,
"SE22","South Sweden","SUBJ_PERC_CORR","Perception of corrution","VALUE","Value","2010","2010","PC","Percentage","0","Units",,,17,,
"SE23","West Sweden","SUBJ_PERC_CORR","Perception of corrution","VALUE","Value","2010","2010","PC","Percentage","0","Units",,,17.1,,
"SE31","North Middle Sweden","SUBJ_PERC_CORR","Perception of corrution","VALUE","Value","2010","2010","PC","Percentage","0","Units",,,17.5,,
"SE32","Central Norrland","SUBJ_PERC_CORR","Perception of corrution","VALUE","Value","2010","2010","PC","Percentage","0","Units",,,16.4,,
"SE33","Upper Norrland","SUBJ_PERC_CORR","Perception of corrution","VALUE","Value","2010","2010","PC","Percentage","0","Units",,,21,,
"CHE","Switzerland","SUBJ_PERC_CORR","Perception of corrution","VALUE","Value","2010","2010","PC","Percentage","0","Units",,,25.5,,
"CH01","Lake Geneva Region","SUBJ_PERC_CORR","Perception of corrution","VALUE","Value","2010","2010","PC","Percentage","0","Units",,,25,,
"CH02","Espace Mittelland","SUBJ_PERC_CORR","Perception of corrution","VALUE","Value","2010","2010","PC","Percentage","0","Units",,,30,,
"CH03","Northwestern Switzerland ","SUBJ_PERC_CORR","Perception of corrution","VALUE","Value","2010","2010","PC","Percentage","0","Units",,,24.5,,
"CH04","Zurich","SUBJ_PERC_CORR","Perception of corrution","VALUE","Value","2010","2010","PC","Percentage","0","Units",,,18.1,,
"CH05","Eastern Switzerland","SUBJ_PERC_CORR","Perception of corrution","VALUE","Value","2010","2010","PC","Percentage","0","Units",,,23.4,,
"CH06","Central Switzerland","SUBJ_PERC_CORR","Perception of corrution","VALUE","Value","2010","2010","PC","Percentage","0","Units",,,26,,
"CH07","Ticino","SUBJ_PERC_CORR","Perception of corrution","VALUE","Value","2010","2010","PC","Percentage","0","Units",,,17.3,,
"TUR","Turkey","SUBJ_PERC_CORR","Perception of corrution","VALUE","Value","2010","2010","PC","Percentage","0","Units",,,58.3,,
"TR10","Istanbul","SUBJ_PERC_CORR","Perception of corrution","VALUE","Value","2010","2010","PC","Percentage","0","Units",,,61.6,,
"TR21","Thrace","SUBJ_PERC_CORR","Perception of corrution","VALUE","Value","2010","2010","PC","Percentage","0","Units",,,70.5,,
"TR22","Southern Marmara - West","SUBJ_PERC_CORR","Perception of corrution","VALUE","Value","2010","2010","PC","Percentage","0","Units",,,64.1,,
"TR31","Izmir","SUBJ_PERC_CORR","Perception of corrution","VALUE","Value","2010","2010","PC","Percentage","0","Units",,,68.9,,
"TR32","Southern Aegean","SUBJ_PERC_CORR","Perception of corrution","VALUE","Value","2010","2010","PC","Percentage","0","Units",,,62.5,,
"TR33","Northern Aegean","SUBJ_PERC_CORR","Perception of corrution","VALUE","Value","2010","2010","PC","Percentage","0","Units",,,61.5,,
"TR41","Eastern Marmara - South ","SUBJ_PERC_CORR","Perception of corrution","VALUE","Value","2010","2010","PC","Percentage","0","Units",,,53.9,,
"TR42","Eastern Marmara - North","SUBJ_PERC_CORR","Perception of corrution","VALUE","Value","2010","2010","PC","Percentage","0","Units",,,61.1,,
"TR51","Ankara","SUBJ_PERC_CORR","Perception of corrution","VALUE","Value","2010","2010","PC","Percentage","0","Units",,,69.5,,
"TR52","Central Anatolia - West and South","SUBJ_PERC_CORR","Perception of corrution","VALUE","Value","2010","2010","PC","Percentage","0","Units",,,48.9,,
"TR61","Mediterranean region - West","SUBJ_PERC_CORR","Perception of corrution","VALUE","Value","2010","2010","PC","Percentage","0","Units",,,63.3,,
"TR62","Mediterranean region - Middle","SUBJ_PERC_CORR","Perception of corrution","VALUE","Value","2010","2010","PC","Percentage","0","Units",,,57.7,,
"TR63","Mediterranean region - East ","SUBJ_PERC_CORR","Perception of corrution","VALUE","Value","2010","2010","PC","Percentage","0","Units",,,58.2,,
"TR71","Central Anatolia - Middle","SUBJ_PERC_CORR","Perception of corrution","VALUE","Value","2010","2010","PC","Percentage","0","Units",,,64.5,,
"TR72","Central Anatolia - East","SUBJ_PERC_CORR","Perception of corrution","VALUE","Value","2010","2010","PC","Percentage","0","Units",,,42.1,,
"TR81","Western Black Sea - West","SUBJ_PERC_CORR","Perception of corrution","VALUE","Value","2010","2010","PC","Percentage","0","Units",,,59.1,,
"TR82","Western Black Sea - Middle and East","SUBJ_PERC_CORR","Perception of corrution","VALUE","Value","2010","2010","PC","Percentage","0","Units",,,38.1,,
"TR83","Middle Black Sea","SUBJ_PERC_CORR","Perception of corrution","VALUE","Value","2010","2010","PC","Percentage","0","Units",,,52.1,,
"TR90","Eastern Black Sea","SUBJ_PERC_CORR","Perception of corrution","VALUE","Value","2010","2010","PC","Percentage","0","Units",,,48.1,,
"TRA1","Northeastern Anatolia - West","SUBJ_PERC_CORR","Perception of corrution","VALUE","Value","2010","2010","PC","Percentage","0","Units",,,45.9,,
"TRA2","Northeastern Anatolia - East","SUBJ_PERC_CORR","Perception of corrution","VALUE","Value","2010","2010","PC","Percentage","0","Units",,,53.6,,
"TRB1","Eastern Anatolia - West","SUBJ_PERC_CORR","Perception of corrution","VALUE","Value","2010","2010","PC","Percentage","0","Units",,,45.9,,
"TRB2","Eastern Anatolia - East","SUBJ_PERC_CORR","Perception of corrution","VALUE","Value","2010","2010","PC","Percentage","0","Units",,,45.6,,
"TRC1","Southeastern Anatolia - West ","SUBJ_PERC_CORR","Perception of corrution","VALUE","Value","2010","2010","PC","Percentage","0","Units",,,41.4,,
"TRC2","Southeastern Anatolia - Middle","SUBJ_PERC_CORR","Perception of corrution","VALUE","Value","2010","2010","PC","Percentage","0","Units",,,49,,
"TRC3","Southeastern Anatolia - East","SUBJ_PERC_CORR","Perception of corrution","VALUE","Value","2010","2010","PC","Percentage","0","Units",,,61,,
"GBR","United Kingdom","SUBJ_PERC_CORR","Perception of corrution","VALUE","Value","2010","2010","PC","Percentage","0","Units",,,45.9,,
"UKC","North East England","SUBJ_PERC_CORR","Perception of corrution","VALUE","Value","2010","2010","PC","Percentage","0","Units",,,45.6,,
"UKD","North West England","SUBJ_PERC_CORR","Perception of corrution","VALUE","Value","2010","2010","PC","Percentage","0","Units",,,47.2,,
"UKE","Yorkshire and The Humber","SUBJ_PERC_CORR","Perception of corrution","VALUE","Value","2010","2010","PC","Percentage","0","Units",,,47.5,,
"UKF","East Midlands","SUBJ_PERC_CORR","Perception of corrution","VALUE","Value","2010","2010","PC","Percentage","0","Units",,,49.7,,
"UKG","West Midlands","SUBJ_PERC_CORR","Perception of corrution","VALUE","Value","2010","2010","PC","Percentage","0","Units",,,51.8,,
"UKH","East of England","SUBJ_PERC_CORR","Perception of corrution","VALUE","Value","2010","2010","PC","Percentage","0","Units",,,47.9,,
"UKI","Greater London","SUBJ_PERC_CORR","Perception of corrution","VALUE","Value","2010","2010","PC","Percentage","0","Units",,,42,,
"UKJ","South East England","SUBJ_PERC_CORR","Perception of corrution","VALUE","Value","2010","2010","PC","Percentage","0","Units",,,45.5,,
"UKK","South West England","SUBJ_PERC_CORR","Perception of corrution","VALUE","Value","2010","2010","PC","Percentage","0","Units",,,42.4,,
"UKL","Wales","SUBJ_PERC_CORR","Perception of corrution","VALUE","Value","2010","2010","PC","Percentage","0","Units",,,53.7,,
"UKM","Scotland","SUBJ_PERC_CORR","Perception of corrution","VALUE","Value","2010","2010","PC","Percentage","0","Units",,,49.6,,
"UKN","Northern Ireland","SUBJ_PERC_CORR","Perception of corrution","VALUE","Value","2010","2010","PC","Percentage","0","Units",,,53.2,,
"USA","United States","SUBJ_PERC_CORR","Perception of corrution","VALUE","Value","2010","2010","PC","Percentage","0","Units",,,70.8,,
"US01","Alabama","SUBJ_PERC_CORR","Perception of corrution","VALUE","Value","2010","2010","PC","Percentage","0","Units",,,75.3,,
"US02","Alaska","SUBJ_PERC_CORR","Perception of corrution","VALUE","Value","2010","2010","PC","Percentage","0","Units",,,54.5,,
"US04","Arizona","SUBJ_PERC_CORR","Perception of corrution","VALUE","Value","2010","2010","PC","Percentage","0","Units",,,74.6,,
"US05","Arkansas","SUBJ_PERC_CORR","Perception of corrution","VALUE","Value","2010","2010","PC","Percentage","0","Units",,,73.8,,
"US06","California","SUBJ_PERC_CORR","Perception of corrution","VALUE","Value","2010","2010","PC","Percentage","0","Units",,,67.2,,
"US08","Colorado","SUBJ_PERC_CORR","Perception of corrution","VALUE","Value","2010","2010","PC","Percentage","0","Units",,,63.4,,
"US09","Connecticut","SUBJ_PERC_CORR","Perception of corrution","VALUE","Value","2010","2010","PC","Percentage","0","Units",,,71.5,,
"US10","Delaware","SUBJ_PERC_CORR","Perception of corrution","VALUE","Value","2010","2010","PC","Percentage","0","Units",,,61.2,,
"US11","District of Columbia","SUBJ_PERC_CORR","Perception of corrution","VALUE","Value","2010","2010","PC","Percentage","0","Units",,,77.5,,
"US12","Florida","SUBJ_PERC_CORR","Perception of corrution","VALUE","Value","2010","2010","PC","Percentage","0","Units",,,68.1,,
"US13","Georgia","SUBJ_PERC_CORR","Perception of corrution","VALUE","Value","2010","2010","PC","Percentage","0","Units",,,75.9,,
"US15","Hawaii","SUBJ_PERC_CORR","Perception of corrution","VALUE","Value","2010","2010","PC","Percentage","0","Units",,,72.2,,
"US16","Idaho","SUBJ_PERC_CORR","Perception of corrution","VALUE","Value","2010","2010","PC","Percentage","0","Units",,,80.9,,
"US17","Illinois","SUBJ_PERC_CORR","Perception of corrution","VALUE","Value","2010","2010","PC","Percentage","0","Units",,,75.9,,
"US18","Indiana","SUBJ_PERC_CORR","Perception of corrution","VALUE","Value","2010","2010","PC","Percentage","0","Units",,,77.4,,
"US19","Iowa","SUBJ_PERC_CORR","Perception of corrution","VALUE","Value","2010","2010","PC","Percentage","0","Units",,,69.4,,
"US20","Kansas","SUBJ_PERC_CORR","Perception of corrution","VALUE","Value","2010","2010","PC","Percentage","0","Units",,,66.9,,
"US21","Kentucky","SUBJ_PERC_CORR","Perception of corrution","VALUE","Value","2010","2010","PC","Percentage","0","Units",,,77.9,,
"US22","Louisiana","SUBJ_PERC_CORR","Perception of corrution","VALUE","Value","2010","2010","PC","Percentage","0","Units",,,69.7,,
"US23","Maine","SUBJ_PERC_CORR","Perception of corrution","VALUE","Value","2010","2010","PC","Percentage","0","Units",,,81.5,,
"US24","Maryland","SUBJ_PERC_CORR","Perception of corrution","VALUE","Value","2010","2010","PC","Percentage","0","Units",,,70.1,,
"US25","Massachusetts","SUBJ_PERC_CORR","Perception of corrution","VALUE","Value","2010","2010","PC","Percentage","0","Units",,,71,,
"US26","Michigan","SUBJ_PERC_CORR","Perception of corrution","VALUE","Value","2010","2010","PC","Percentage","0","Units",,,73.9,,
"US27","Minnesota","SUBJ_PERC_CORR","Perception of corrution","VALUE","Value","2010","2010","PC","Percentage","0","Units",,,62.5,,
"US28","Mississippi","SUBJ_PERC_CORR","Perception of corrution","VALUE","Value","2010","2010","PC","Percentage","0","Units",,,80.1,,
"US29","Missouri","SUBJ_PERC_CORR","Perception of corrution","VALUE","Value","2010","2010","PC","Percentage","0","Units",,,77.6,,
"US30","Montana (US)","SUBJ_PERC_CORR","Perception of corrution","VALUE","Value","2010","2010","PC","Percentage","0","Units",,,64.3,,
"US31","Nebraska","SUBJ_PERC_CORR","Perception of corrution","VALUE","Value","2010","2010","PC","Percentage","0","Units",,,60.1,,
"US32","Nevada","SUBJ_PERC_CORR","Perception of corrution","VALUE","Value","2010","2010","PC","Percentage","0","Units",,,68.4,,
"US33","New Hampshire","SUBJ_PERC_CORR","Perception of corrution","VALUE","Value","2010","2010","PC","Percentage","0","Units",,,72.1,,
"US34","New Jersey","SUBJ_PERC_CORR","Perception of corrution","VALUE","Value","2010","2010","PC","Percentage","0","Units",,,79.1,,
"US35","New Mexico","SUBJ_PERC_CORR","Perception of corrution","VALUE","Value","2010","2010","PC","Percentage","0","Units",,,70.1,,
"US36","New York","SUBJ_PERC_CORR","Perception of corrution","VALUE","Value","2010","2010","PC","Percentage","0","Units",,,70.9,,
"US37","North Carolina","SUBJ_PERC_CORR","Perception of corrution","VALUE","Value","2010","2010","PC","Percentage","0","Units",,,70,,
"US38","North Dakota","SUBJ_PERC_CORR","Perception of corrution","VALUE","Value","2010","2010","PC","Percentage","0","Units",,,63.2,,
"US39","Ohio","SUBJ_PERC_CORR","Perception of corrution","VALUE","Value","2010","2010","PC","Percentage","0","Units",,,71.1,,
"US40","Oklahoma","SUBJ_PERC_CORR","Perception of corrution","VALUE","Value","2010","2010","PC","Percentage","0","Units",,,76.5,,
"US41","Oregon","SUBJ_PERC_CORR","Perception of corrution","VALUE","Value","2010","2010","PC","Percentage","0","Units",,,65.7,,
"US42","Pennsylvania","SUBJ_PERC_CORR","Perception of corrution","VALUE","Value","2010","2010","PC","Percentage","0","Units",,,71.2,,
"US44","Rhode Island","SUBJ_PERC_CORR","Perception of corrution","VALUE","Value","2010","2010","PC","Percentage","0","Units",,,59.6,,
"US45","South Carolina","SUBJ_PERC_CORR","Perception of corrution","VALUE","Value","2010","2010","PC","Percentage","0","Units",,,77.8,,
"US46","South Dakota","SUBJ_PERC_CORR","Perception of corrution","VALUE","Value","2010","2010","PC","Percentage","0","Units",,,70.1,,
"US47","Tennessee","SUBJ_PERC_CORR","Perception of corrution","VALUE","Value","2010","2010","PC","Percentage","0","Units",,,76.2,,
"US48","Texas","SUBJ_PERC_CORR","Perception of corrution","VALUE","Value","2010","2010","PC","Percentage","0","Units",,,70.3,,
"US49","Utah","SUBJ_PERC_CORR","Perception of corrution","VALUE","Value","2010","2010","PC","Percentage","0","Units",,,65.9,,
"US50","Vermont","SUBJ_PERC_CORR","Perception of corrution","VALUE","Value","2010","2010","PC","Percentage","0","Units",,,69,,
"US51","Virginia","SUBJ_PERC_CORR","Perception of corrution","VALUE","Value","2010","2010","PC","Percentage","0","Units",,,59.2,,
"US53","Washington","SUBJ_PERC_CORR","Perception of corrution","VALUE","Value","2010","2010","PC","Percentage","0","Units",,,66.1,,
"US54","West Virginia","SUBJ_PERC_CORR","Perception of corrution","VALUE","Value","2010","2010","PC","Percentage","0","Units",,,86.1,,
"US55","Wisconsin","SUBJ_PERC_CORR","Perception of corrution","VALUE","Value","2010","2010","PC","Percentage","0","Units",,,65.2,,
"US56","Wyoming","SUBJ_PERC_CORR","Perception of corrution","VALUE","Value","2010","2010","PC","Percentage","0","Units",,,68.5,,
"EE001","North Estonia","SUBJ_PERC_CORR","Perception of corrution","VALUE","Value","2010","2010","PC","Percentage","0","Units",,,55.8,,
"EE004","West Estonia","SUBJ_PERC_CORR","Perception of corrution","VALUE","Value","2010","2010","PC","Percentage","0","Units",,,56.9,,
"EE006","Central Estonia","SUBJ_PERC_CORR","Perception of corrution","VALUE","Value","2010","2010","PC","Percentage","0","Units",,,59,,
"EE007","Northeast Estonia","SUBJ_PERC_CORR","Perception of corrution","VALUE","Value","2010","2010","PC","Percentage","0","Units",,,59,,
"EE008","Southern Estonia","SUBJ_PERC_CORR","Perception of corrution","VALUE","Value","2010","2010","PC","Percentage","0","Units",,,54.4,,
